dataset,accuracy,recall,precision,f1 score,auc score
train,0.7818181818181819,0.4307692307692308,0.717948717948718,0.5384615384615385,0.7825310173697271
test,0.7272727272727273,0.25,0.5714285714285714,0.34782608695652173,0.7163461538461537
