threshold,accuracy,recall,precision,roc_auc_score,f1_score
0.22,0.7090909090909091,0.625,0.5,0.6842948717948718,0.5555555555555556
